Actual,Predicted
483.0,459.7021730254057
545.0,789.9999999999993
620.0,860.0000000000007
895.0,1136.9644936412628
620.0,748.0769230769254
620.0,662.3076923076928
585.0,456.9230769230792
1035.0,982.4999999999995
689.0,394.6968245637099
795.0,1010.6666666666677
550.0,502.6923076923081
517.0,655.4193556727098
